1|filler|filler|filler|filler|filler|filler|filler|filler|filler|filler|filler|filler|filler|filler|filler|filler|filler|filler|filler|filler|filler|filler|filler|filler|filler|filler|filler|filler|filler|filler|filler|filler|filler|filler|filler|filler|filler|filler|filler|filler|filler|filler|filler|filler|filler|filler|filler|filler|filler|filler
2|filler|filler|filler|filler|filler|filler|filler|filler|filler|filler|filler|filler|filler|filler|filler|filler|filler|filler|filler|filler|filler|filler|filler|filler|filler|filler|filler|filler|filler|filler|filler|filler|filler|filler|filler|filler|filler|filler|filler|filler|filler|filler|filler|filler|filler|filler|filler|filler|filler|filler
3|shovel|filler|filler|filler|filler|filler|filler|filler|filler|filler|filler|filler|filler|filler|filler|filler|filler|filler|filler|filler|filler|filler|filler|filler|filler|filler|filler|filler|filler|filler|filler|filler|filler|filler|filler|filler|filler|filler|filler|filler|filler|filler|filler|filler|filler|filler|filler|filler|filler|filler
4|filler|filler|filler|filler|filler|filler|filler|filler|filler|filler|filler|filler|filler|filler|filler|filler|filler|filler|filler|filler|filler|filler|filler|filler|filler|filler|filler|filler|filler|filler|filler|filler|filler|filler|filler|filler|filler|filler|filler|filler|filler|filler|filler|filler|filler|filler|filler|filler|filler|filler
5|filler|filler|filler|filler|filler|filler|filler|filler|filler|filler|filler|filler|filler|filler|filler|filler|filler|filler|filler|filler|filler|filler|filler|filler|filler|filler|filler|filler|filler|filler|filler|filler|filler|filler|filler|filler|filler|filler|filler|filler|filler|filler|filler|filler|filler|filler|filler|filler|filler|filler
6|key|sword|filler|filler|filler|filler|filler|filler|filler|filler|filler|filler|filler|filler|filler|filler|filler|filler|filler|filler|filler|filler|filler|filler|filler|filler|filler|filler|filler|filler|filler|filler|filler|filler|filler|filler|filler|filler|filler|filler|filler|filler|filler|filler|filler|filler|filler|filler|filler|filler
7|filler|filler|filler|filler|filler|filler|filler|filler|filler|filler|filler|filler|filler|filler|filler|filler|filler|filler|filler|filler|filler|filler|filler|filler|filler|filler|filler|filler|filler|filler|filler|filler|filler|filler|filler|filler|filler|filler|filler|filler|filler|filler|filler|filler|filler|filler|filler|filler|filler|filler
8|filler|filler|filler|filler|filler|filler|filler|filler|filler|filler|filler|filler|filler|filler|filler|filler|filler|filler|filler|filler|filler|filler|filler|filler|filler|filler|filler|filler|filler|filler|filler|filler|filler|filler|filler|filler|filler|filler|filler|filler|filler|filler|filler|filler|filler|filler|filler|filler|filler|filler
9|filler|filler|filler|filler|filler|filler|filler|filler|filler|filler|filler|filler|filler|filler|filler|filler|filler|filler|filler|filler|filler|filler|filler|filler|filler|filler|filler|filler|filler|filler|filler|filler|filler|filler|filler|filler|filler|filler|filler|filler|filler|filler|filler|filler|filler|filler|filler|filler|filler|filler
10|filler|filler|filler|filler|filler|filler|filler|filler|filler|filler|filler|filler|filler|filler|filler|filler|filler|filler|filler|filler|filler|filler|filler|filler|filler|filler|filler|filler|filler|filler|filler|filler|filler|filler|filler|filler|filler|filler|filler|filler|filler|filler|filler|filler|filler|filler|filler|filler|filler|filler
11|filler|filler|filler|filler|filler|filler|filler|filler|filler|filler|filler|filler|filler|filler|filler|filler|filler|filler|filler|filler|filler|filler|filler|filler|filler|filler|filler|filler|filler|filler|filler|filler|filler|filler|filler|filler|filler|filler|filler|filler|filler|filler|filler|filler|filler|filler|filler|filler|filler|filler
12|filler|filler|filler|filler|filler|filler|filler|filler|filler|filler|filler|filler|filler|filler|filler|filler|filler|filler|filler|filler|filler|filler|filler|filler|filler|filler|filler|filler|filler|filler|filler|filler|filler|filler|filler|filler|filler|filler|filler|filler|filler|filler|filler|filler|filler|filler|filler|filler|filler|filler
13|chestplate|large-health-potion|resource-potion|filler|filler|filler|filler|filler|filler|filler|filler|filler|filler|filler|filler|filler|filler|filler|filler|filler|filler|filler|filler|filler|filler|filler|filler|filler|filler|filler|filler|filler|filler|filler|filler|filler|filler|filler|filler|filler|filler|filler|filler|filler|filler|filler|filler|filler|filler|filler
14|filler|filler|filler|filler|filler|filler|filler|filler|filler|filler|filler|filler|filler|filler|filler|filler|filler|filler|filler|filler|filler|filler|filler|filler|filler|filler|filler|filler|filler|filler|filler|filler|filler|filler|filler|filler|filler|filler|filler|filler|filler|filler|filler|filler|filler|filler|filler|filler|filler|filler
15|resource-potion|filler|filler|filler|filler|filler|filler|filler|filler|filler|filler|filler|filler|filler|filler|filler|filler|filler|filler|filler|filler|filler|filler|filler|filler|filler|filler|filler|filler|filler|filler|filler|filler|filler|filler|filler|filler|filler|filler|filler|filler|filler|filler|filler|filler|filler|filler|filler|filler|filler
16|filler|filler|filler|filler|filler|filler|filler|filler|filler|filler|filler|filler|filler|filler|filler|filler|filler|filler|filler|filler|filler|filler|filler|filler|filler|filler|filler|filler|filler|filler|filler|filler|filler|filler|filler|filler|filler|filler|filler|filler|filler|filler|filler|filler|filler|filler|filler|filler|filler|filler
17|filler|filler|filler|filler|filler|filler|filler|filler|filler|filler|filler|filler|filler|filler|filler|filler|filler|filler|filler|filler|filler|filler|filler|filler|filler|filler|filler|filler|filler|filler|filler|filler|filler|filler|filler|filler|filler|filler|filler|filler|filler|filler|filler|filler|filler|filler|filler|filler|filler|filler
18|filler|filler|filler|filler|filler|filler|filler|filler|filler|filler|filler|filler|filler|filler|filler|filler|filler|filler|filler|filler|filler|filler|filler|filler|filler|filler|filler|filler|filler|filler|filler|filler|filler|filler|filler|filler|filler|filler|filler|filler|filler|filler|filler|filler|filler|filler|filler|filler|filler|filler
19|filler|filler|filler|filler|filler|filler|filler|filler|filler|filler|filler|filler|filler|filler|filler|filler|filler|filler|filler|filler|filler|filler|filler|filler|filler|filler|filler|filler|filler|filler|filler|filler|filler|filler|filler|filler|filler|filler|filler|filler|filler|filler|filler|filler|filler|filler|filler|filler|filler|filler
20|boots|crystal-pyramid|filler|filler|filler|filler|filler|filler|filler|filler|filler|filler|filler|filler|filler|filler|filler|filler|filler|filler|filler|filler|filler|filler|filler|filler|filler|filler|filler|filler|filler|filler|filler|filler|filler|filler|filler|filler|filler|filler|filler|filler|filler|filler|filler|filler|filler|filler|filler|filler
21|filler|filler|filler|filler|filler|filler|filler|filler|filler|filler|filler|filler|filler|filler|filler|filler|filler|filler|filler|filler|filler|filler|filler|filler|filler|filler|filler|filler|filler|filler|filler|filler|filler|filler|filler|filler|filler|filler|filler|filler|filler|filler|filler|filler|filler|filler|filler|filler|filler|filler
22|filler|filler|filler|filler|filler|filler|filler|filler|filler|filler|filler|filler|filler|filler|filler|filler|filler|filler|filler|filler|filler|filler|filler|filler|filler|filler|filler|filler|filler|filler|filler|filler|filler|filler|filler|filler|filler|filler|filler|filler|filler|filler|filler|filler|filler|filler|filler|filler|filler|filler
23|filler|filler|filler|filler|filler|filler|filler|filler|filler|filler|filler|filler|filler|filler|filler|filler|filler|filler|filler|filler|filler|filler|filler|filler|filler|filler|filler|filler|filler|filler|filler|filler|filler|filler|filler|filler|filler|filler|filler|filler|filler|filler|filler|filler|filler|filler|filler|filler|filler|filler
24|filler|filler|filler|filler|filler|filler|filler|filler|filler|filler|filler|filler|filler|filler|filler|filler|filler|filler|filler|filler|filler|filler|filler|filler|filler|filler|filler|filler|filler|filler|filler|filler|filler|filler|filler|filler|filler|filler|filler|filler|filler|filler|filler|filler|filler|filler|filler|filler|filler|filler
25|filler|filler|filler|filler|filler|filler|filler|filler|filler|filler|filler|filler|filler|filler|filler|filler|filler|filler|filler|filler|filler|filler|filler|filler|filler|filler|filler|filler|filler|filler|filler|filler|filler|filler|filler|filler|filler|filler|filler|filler|filler|filler|filler|filler|filler|filler|filler|filler|filler|filler
26|greaves|health-potion|filler|filler|filler|filler|filler|filler|filler|filler|filler|filler|filler|filler|filler|filler|filler|filler|filler|filler|filler|filler|filler|filler|filler|filler|filler|filler|filler|filler|filler|filler|filler|filler|filler|filler|filler|filler|filler|filler|filler|filler|filler|filler|filler|filler|filler|filler|filler|filler
27|helmet|filler|filler|filler|filler|filler|filler|filler|filler|filler|filler|filler|filler|filler|filler|filler|filler|filler|filler|filler|filler|filler|filler|filler|filler|filler|filler|filler|filler|filler|filler|filler|filler|filler|filler|filler|filler|filler|filler|filler|filler|filler|filler|filler|filler|filler|filler|filler|filler|filler
28|filler|filler|filler|filler|filler|filler|filler|filler|filler|filler|filler|filler|filler|filler|filler|filler|filler|filler|filler|filler|filler|filler|filler|filler|filler|filler|filler|filler|filler|filler|filler|filler|filler|filler|filler|filler|filler|filler|filler|filler|filler|filler|filler|filler|filler|filler|filler|filler|filler|filler
29|filler|filler|filler|filler|filler|filler|filler|filler|filler|filler|filler|filler|filler|filler|filler|filler|filler|filler|filler|filler|filler|filler|filler|filler|filler|filler|filler|filler|filler|filler|filler|filler|filler|filler|filler|filler|filler|filler|filler|filler|filler|filler|filler|filler|filler|filler|filler|filler|filler|filler
30|filler|filler|filler|filler|filler|filler|filler|filler|filler|filler|filler|filler|filler|filler|filler|filler|filler|filler|filler|filler|filler|filler|filler|filler|filler|filler|filler|filler|filler|filler|filler|filler|filler|filler|filler|filler|filler|filler|filler|filler|filler|filler|filler|filler|filler|filler|filler|filler|filler|filler
31|filler|filler|filler|filler|filler|filler|filler|filler|filler|filler|filler|filler|filler|filler|filler|filler|filler|filler|filler|filler|filler|filler|filler|filler|filler|filler|filler|filler|filler|filler|filler|filler|filler|filler|filler|filler|filler|filler|filler|filler|filler|filler|filler|filler|filler|filler|filler|filler|filler|filler
32|large-resource-potion|health-potion|shield|filler|filler|filler|filler|filler|filler|filler|filler|filler|filler|filler|filler|filler|filler|filler|filler|filler|filler|filler|filler|filler|filler|filler|filler|filler|filler|filler|filler|filler|filler|filler|filler|filler|filler|filler|filler|filler|filler|filler|filler|filler|filler|filler|filler|filler|filler|filler
33|filler|filler|filler|filler|filler|filler|filler|filler|filler|filler|filler|filler|filler|filler|filler|filler|filler|filler|filler|filler|filler|filler|filler|filler|filler|filler|filler|filler|filler|filler|filler|filler|filler|filler|filler|filler|filler|filler|filler|filler|filler|filler|filler|filler|filler|filler|filler|filler|filler|filler
34|filler|filler|filler|filler|filler|filler|filler|filler|filler|filler|filler|filler|filler|filler|filler|filler|filler|filler|filler|filler|filler|filler|filler|filler|filler|filler|filler|filler|filler|filler|filler|filler|filler|filler|filler|filler|filler|filler|filler|filler|filler|filler|filler|filler|filler|filler|filler|filler|filler|filler
35|filler|filler|filler|filler|filler|filler|filler|filler|filler|filler|filler|filler|filler|filler|filler|filler|filler|filler|filler|filler|filler|filler|filler|filler|filler|filler|filler|filler|filler|filler|filler|filler|filler|filler|filler|filler|filler|filler|filler|filler|filler|filler|filler|filler|filler|filler|filler|filler|filler|filler
36|filler|filler|filler|filler|filler|filler|filler|filler|filler|filler|filler|filler|filler|filler|filler|filler|filler|filler|filler|filler|filler|filler|filler|filler|filler|filler|filler|filler|filler|filler|filler|filler|filler|filler|filler|filler|filler|filler|filler|filler|filler|filler|filler|filler|filler|filler|filler|filler|filler|filler
37|steel-sword|filler|filler|filler|filler|filler|filler|filler|filler|filler|filler|filler|filler|filler|filler|filler|filler|filler|filler|filler|filler|filler|filler|filler|filler|filler|filler|filler|filler|filler|filler|filler|filler|filler|filler|filler|filler|filler|filler|filler|filler|filler|filler|filler|filler|filler|filler|filler|filler|filler
38|filler|filler|filler|filler|filler|filler|filler|filler|filler|filler|filler|filler|filler|filler|filler|filler|filler|filler|filler|filler|filler|filler|filler|filler|filler|filler|filler|filler|filler|filler|filler|filler|filler|filler|filler|filler|filler|filler|filler|filler|filler|filler|filler|filler|filler|filler|filler|filler|filler|filler
39|shears|filler|filler|filler|filler|filler|filler|filler|filler|filler|filler|filler|filler|filler|filler|filler|filler|filler|filler|filler|filler|filler|filler|filler|filler|filler|filler|filler|filler|filler|filler|filler|filler|filler|filler|filler|filler|filler|filler|filler|filler|filler|filler|filler|filler|filler|filler|filler|filler|filler
40|filler|filler|filler|filler|filler|filler|filler|filler|filler|filler|filler|filler|filler|filler|filler|filler|filler|filler|filler|filler|filler|filler|filler|filler|filler|filler|filler|filler|filler|filler|filler|filler|filler|filler|filler|filler|filler|filler|filler|filler|filler|filler|filler|filler|filler|filler|filler|filler|filler|filler
41|filler|filler|filler|filler|filler|filler|filler|filler|filler|filler|filler|filler|filler|filler|filler|filler|filler|filler|filler|filler|filler|filler|filler|filler|filler|filler|filler|filler|filler|filler|filler|filler|filler|filler|filler|filler|filler|filler|filler|filler|filler|filler|filler|filler|filler|filler|filler|filler|filler|filler
42|filler|filler|filler|filler|filler|filler|filler|filler|filler|filler|filler|filler|filler|filler|filler|filler|filler|filler|filler|filler|filler|filler|filler|filler|filler|filler|filler|filler|filler|filler|filler|filler|filler|filler|filler|filler|filler|filler|filler|filler|filler|filler|filler|filler|filler|filler|filler|filler|filler|filler
43|health-potion|filler|filler|filler|filler|filler|filler|filler|filler|filler|filler|filler|filler|filler|filler|filler|filler|filler|filler|filler|filler|filler|filler|filler|filler|filler|filler|filler|filler|filler|filler|filler|filler|filler|filler|filler|filler|filler|filler|filler|filler|filler|filler|filler|filler|filler|filler|filler|filler|filler
44|note|filler|filler|filler|filler|filler|filler|filler|filler|filler|filler|filler|filler|filler|filler|filler|filler|filler|filler|filler|filler|filler|filler|filler|filler|filler|filler|filler|filler|filler|filler|filler|filler|filler|filler|filler|filler|filler|filler|filler|filler|filler|filler|filler|filler|filler|filler|filler|filler|filler
45|sandals|hammer|ring|filler|filler|filler|filler|filler|filler|filler|filler|filler|filler|filler|filler|filler|filler|filler|filler|filler|filler|filler|filler|filler|filler|filler|filler|filler|filler|filler|filler|filler|filler|filler|filler|filler|filler|filler|filler|filler|filler|filler|filler|filler|filler|filler|filler|filler|filler|filler
46|tiger-amulet|filler|filler|filler|filler|filler|filler|filler|filler|filler|filler|filler|filler|filler|filler|filler|filler|filler|filler|filler|filler|filler|filler|filler|filler|filler|filler|filler|filler|filler|filler|filler|filler|filler|filler|filler|filler|filler|filler|filler|filler|filler|filler|filler|filler|filler|filler|filler|filler|filler
47|pink-safari-hat|filler|filler|filler|filler|filler|filler|filler|filler|filler|filler|filler|filler|filler|filler|filler|filler|filler|filler|filler|filler|filler|filler|filler|filler|filler|filler|filler|filler|filler|filler|filler|filler|filler|filler|filler|filler|filler|filler|filler|filler|filler|filler|filler|filler|filler|filler|filler|filler|filler
48|harpy-necklace|filler|filler|filler|filler|filler|filler|filler|filler|filler|filler|filler|filler|filler|filler|filler|filler|filler|filler|filler|filler|filler|filler|filler|filler|filler|filler|filler|filler|filler|filler|filler|filler|filler|filler|filler|filler|filler|filler|filler|filler|filler|filler|filler|filler|filler|filler|filler|filler|filler
49|fleece-pillow|filler|filler|filler|filler|filler|filler|filler|filler|filler|filler|filler|filler|filler|filler|filler|filler|filler|filler|filler|filler|filler|filler|filler|filler|filler|filler|filler|filler|filler|filler|filler|filler|filler|filler|filler|filler|filler|filler|filler|filler|filler|filler|filler|filler|filler|filler|filler|filler|filler
50|lever-arm|smelly-onion|filler|filler|filler|filler|filler|filler|filler|filler|filler|filler|filler|filler|filler|filler|filler|filler|filler|filler|filler|filler|filler|filler|filler|filler|filler|filler|filler|filler|filler|filler|filler|filler|filler|filler|filler|filler|filler|filler|filler|filler|filler|filler|filler|filler|filler|filler|filler|filler
51|goblin-jewel|filler|filler|filler|filler|filler|filler|filler|filler|filler|filler|filler|filler|filler|filler|filler|filler|filler|filler|filler|filler|filler|filler|filler|filler|filler|filler|filler|filler|filler|filler|filler|filler|filler|filler|filler|filler|filler|filler|filler|filler|filler|filler|filler|filler|filler|filler|filler|filler|filler
52|minotaur-horn|filler|filler|filler|filler|filler|filler|filler|filler|filler|filler|filler|filler|filler|filler|filler|filler|filler|filler|filler|filler|filler|filler|filler|filler|filler|filler|filler|filler|filler|filler|filler|filler|filler|filler|filler|filler|filler|filler|filler|filler|filler|filler|filler|filler|filler|filler|filler|filler|filler
53|chimera-scale|minotaur-key|filler|filler|filler|filler|filler|filler|filler|filler|filler|filler|filler|filler|filler|filler|filler|filler|filler|filler|filler|filler|filler|filler|filler|filler|filler|filler|filler|filler|filler|filler|filler|filler|filler|filler|filler|filler|filler|filler|filler|filler|filler|filler|filler|filler|filler|filler|filler|filler
54|gorgon-head|filler|filler|filler|filler|filler|filler|filler|filler|filler|filler|filler|filler|filler|filler|filler|filler|filler|filler|filler|filler|filler|filler|filler|filler|filler|filler|filler|filler|filler|filler|filler|filler|filler|filler|filler|filler|filler|filler|filler|filler|filler|filler|filler|filler|filler|filler|filler|filler|filler
55|cyclops-eye|fleece|filler|filler|filler|filler|filler|filler|filler|filler|filler|filler|filler|filler|filler|filler|filler|filler|filler|filler|filler|filler|filler|filler|filler|filler|filler|filler|filler|filler|filler|filler|filler|filler|filler|filler|filler|filler|filler|filler|filler|filler|filler|filler|filler|filler|filler|filler|filler|filler
56|collar|stone-orb|filler|filler|filler|filler|filler|filler|filler|filler|filler|filler|filler|filler|filler|filler|filler|filler|filler|filler|filler|filler|filler|filler|filler|filler|filler|filler|filler|filler|filler|filler|filler|filler|filler|filler|filler|filler|filler|filler|filler|filler|filler|filler|filler|filler|filler|filler|filler|filler
57|cool-shoes|filler|filler|filler|filler|filler|filler|filler|filler|filler|filler|filler|filler|filler|filler|filler|filler|filler|filler|filler|filler|filler|filler|filler|filler|filler|filler|filler|filler|filler|filler|filler|filler|filler|filler|filler|filler|filler|filler|filler|filler|filler|filler|filler|filler|filler|filler|filler|filler|filler
58|sketchers|filler|filler|filler|filler|filler|filler|filler|filler|filler|filler|filler|filler|filler|filler|filler|filler|filler|filler|filler|filler|filler|filler|filler|filler|filler|filler|filler|filler|filler|filler|filler|filler|filler|filler|filler|filler|filler|filler|filler|filler|filler|filler|filler|filler|filler|filler|filler|filler|filler
59|harpy-claw|filler|filler|filler|filler|filler|filler|filler|filler|filler|filler|filler|filler|filler|filler|filler|filler|filler|filler|filler|filler|filler|filler|filler|filler|filler|filler|filler|filler|filler|filler|filler|filler|filler|filler|filler|filler|filler|filler|filler|filler|filler|filler|filler|filler|filler|filler|filler|filler|filler